{
	"type": "SingleTypeGenerator",
	"name": "Bronze Generator",
	"description": "Big but efficient generator that makes energy from coal.",
	"size": 2,
	"hasPower": true,
	"hasItems": true,
	"itemDuration": 69,
	"powerProduction": 3.5,
	"consumes": {
		"items": {
			"items": [
				{ "item": "coal", "amount": 1 }
			],
			"optional": true
		}
	},
	"requirements": [
		{ "item": "bronze", "amount": 250 },
		{ "item": "tin", "amount": 150 },
		{ "item": "graphite", "amount": 50 }
	],
	"category": "power",
	"research": "bronze-forge"
}
