{
	"type": "MendProjector",
	"name": "Bronzium Mender",
	"description": "High-end Mender made out of Bronzium. Repairs very quickly.",
	"size": 3,
	"hasPower": true,
	"reload": 200,
	"range": 250,
	"healPercent": 26,
	"consumes": {
		"power": 6.0,
	},
	"requirements": [
		{ "item": "bronzium", "amount": 150 },
		{ "item": "bronze", "amount": 325 },
		{ "item": "steel", "amount": 150 },
		{ "item": "titanium", "amount": 250 },
		{ "item": "phase-fabric", "amount": 30 },
	],
	"category": "crafting",
	"idleSound": "respawning",
	"research": "bronzium-forge"
	"idleSoundVolume": 0.5
}
