{
	"type": "ForceProjector",
	"name": "Bronzium ForceField Projector",
	"description": "End-game ForceField Projector made from Bronzium. Takes lot of power but protects you from any attack ",
	"size": 4,
	"hasPower": true,
	"cooldownNormal": 1,
	"radius": 250,
	"phaseRadiusBoost": 150,
	"powerDamage": 0.05,
	"phaseUseTime": 100,
	"consumes": {
		"power": 8.0,
		"items": {
			"items": [
				{ "item": "phase-fabric", "amount": 1 }
			]
		},
	},
	"requirements": [
		{ "item": "bronzium", "amount": 325 },
		{ "item": "bronze", "amount": 500 },
		{ "item": "steel", "amount": 250 },
		{ "item": "titanium", "amount": 400 },
		{ "item": "phase-fabric", "amount": 50 },
	],
	"category": "crafting",
	"idleSound": "respawning",
	"research": "bronzium-mender"
}
