{
	"type": "DoubleTurret",
	"name": "Bronze Turret",
	"description": "Turret from Bronze alloy with multiple types of ammo",
	"health": 200,
	"size": 1,
	"reload": 4,
	"range": 100,
	"ammoUseEffect": "shellEjectSmall",
	"inaccuracy": 5,
	"rotatespeed": 20,
	"ammo": {
		"copper": {
			"speed": 5.0,
			"damage": 5,
			"bulletWidth": 7,
			"bulletHeight": 9,
			"shootEffect": "shootSmall",
			"smokeEffect": "shootSmallSmoke",
			"ammoMultiplier": 10,
		},
	},
	"requirements": [
		{ "item": "bronze", "amount": 50 },
		{ "item": "copper", "amount": 70 },
	],
	"category": "turret",
	"research": "duo"
}
