{
	"type": "Separator",
	"name": "Scrapper",
	"description": "Very cool thingy that can make iron and tin from slag! .",
	"liquidCapacity": 50,
	"results": [ 
				{"item": "iron", "amount": 1},
				{"item": "tin", "amount": 2},
	],
	"size": 2,
	"hasPower": true,
	"hasLiquids": true,
	"hasItems": true,
	"craftTime": 10,
	"updateEffect": "smeltsmoke",
	"consumes": {
		"power": 0.4,
		"liquid": {
			"liquid": "slag",
			"amount": 0.2
		}
	},
	"requirements": [
		{ "item": "copper", "amount": 250 },
		{ "item": "lead", "amount": 100 },
		{ "item": "graphite", "amount": 50 },
	],
	"category": "crafting",
	"idleSound": "respawning",
	"research": "graphite-press"
	"idleSoundVolume": 0.5
}