{
    "name": "steel drill",
    "description": "Mid age drill",
    "type": "Drill",
    "size": 4,
    "tier": 6,
    "drillTime": 400,
    "itemCapacity":20 ,
    "consumes": {
        "power": 0.3,
        "liquid": {
            "liquid": "water", 
            "amount": 0.1,
            "booster": true
        }
    },
    "requirements": [
        { "item": "bronze", "amount": 100 },
        { "item": "steel", "amount": 70 }
        { "item": "tin", "amount": 100 }
    ],
    "category": "production",
    "research": "laser-drill"
}